trade_id,source_type,symbol,timeframe,action,setup_type,session,market_regime,news_risk,spread_pips,atr_pips,rr_ratio,rule_confidence,tf_alignment,liquidity_sweep,fvg_present,order_block_present,candlestick_pattern,candlestick_bias,candlestick_strength,dxy_bias,source_knowledge,entry_time,exit_time,entry_price,stop_loss,take_profit_1,take_profit_2,exit_price,result,pnl_r,notes
SYNTHETIC_STARTER_00001,synthetic_starter,XAUUSD,30m,BUY,breakout,london,bullish,low,2.1,25.55,2.54,59,0,0,0,0,marubozu_bearish,bearish,29,usd_bearish,mt5_history,2026-01-01 09:23:00,2026-01-01 10:08:00,2309.86,2306.77,2313.79,2317.72,2317.53,win,2.48,"Synthetic ML row: breakout | marubozu_bearish | london | low news | win. Use for testing pipeline, not as real edge."
SYNTHETIC_STARTER_00002,synthetic_starter,XAUUSD,1h,BUY,liquidity_sweep,asia,sideways,medium,3.16,30.39,2.78,68,1,1,1,0,none,neutral,0,neutral,blue_journal,2026-01-01 09:39:00,2026-01-01 10:09:00,2400.1,2396.17,2405.56,2411.03,2409.73,win,2.45,"Synthetic ML row: liquidity_sweep | none | asia | medium news | win. Use for testing pipeline, not as real edge."
SYNTHETIC_STARTER_00003,synthetic_starter,USDJPY,1h,SELL,trend_follow,new_york,bearish,low,1.13,21.83,2.85,80,1,0,1,0,harami_bullish,bullish,34,usd_bullish,booming_bulls_notes,2026-01-01 09:57:00,2026-01-01 11:27:00,152.134,152.425,151.72,151.307,151.972,win,0.56,"Synthetic ML row: trend_follow | harami_bullish | new_york | low news | win. Use for testing pipeline, not as real edge."
SYNTHETIC_STARTER_00004,synthetic_starter,BTCUSD,15m,SELL,support_resistance,new_york,high_volatility,low,73.05,569.37,1.5,53,0,1,0,1,morning_star,bullish,42,neutral,booming_bulls_notes,2026-01-01 10:05:00,2026-01-01 13:05:00,65376.0,65892.88,64988.33,64600.67,65649.94,loss,-0.53,"Synthetic ML row: support_resistance | morning_star | new_york | low news | loss. Use for testing pipeline, not as real edge."
SYNTHETIC_STARTER_00005,synthetic_starter,BTCUSD,30m,SELL,breakout,overlap,bullish,high,71.56,426.56,2.4,56,0,0,0,1,harami_bullish,bullish,68,neutral,booming_bulls_notes,2026-01-01 10:26:00,2026-01-01 11:11:00,65153.58,65675.22,64527.61,63901.64,64141.6,win,1.94,"Synthetic ML row: breakout | harami_bullish | overlap | high news | win. Use for testing pipeline, not as real edge."
SYNTHETIC_STARTER_00006,synthetic_starter,BTCUSD,30m,BUY,order_block_retest,london,bearish,low,45.05,222.67,3.23,94,1,1,0,1,pin_bar_bullish,bullish,55,usd_bullish,none,2026-01-01 10:46:00,2026-01-01 13:46:00,66811.02,66511.94,67294.02,67777.03,67388.23,win,1.93,"Synthetic ML row: order_block_retest | pin_bar_bullish | london | low news | win. Use for testing pipeline, not as real edge."
SYNTHETIC_STARTER_00007,synthetic_starter,EURUSD,1h,SELL,support_resistance,overlap,bearish,medium,0.51,14.2,0.99,49,0,0,1,1,shooting_star,bearish,53,usd_bullish,smc_ict,2026-01-01 11:08:00,2026-01-01 15:08:00,1.06827,1.06966,1.06758,1.06689,1.06687,win,1.01,"Synthetic ML row: support_resistance | shooting_star | overlap | medium news | win. Use for testing pipeline, not as real edge."
SYNTHETIC_STARTER_00008,synthetic_starter,USDJPY,5m,BUY,support_resistance,asia,bearish,low,1.08,19.79,1.6,57,1,1,0,0,none,neutral,0,neutral,none,2026-01-01 11:27:00,2026-01-01 11:57:00,155.667,155.412,155.871,156.075,155.971,win,1.19,"Synthetic ML row: support_resistance | none | asia | low news | win. Use for testing pipeline, not as real edge."
SYNTHETIC_STARTER_00009,synthetic_starter,BTCUSD,5m,BUY,breakout,new_york,bullish,low,37.77,1184.57,1.65,95,1,0,0,0,pin_bar_bullish,bullish,77,usd_bearish,candlestick,2026-01-01 11:19:00,2026-01-01 12:19:00,64207.16,62578.42,65550.88,66894.59,68344.17,win,2.54,"Synthetic ML row: breakout | pin_bar_bullish | new_york | low news | win. Use for testing pipeline, not as real edge."
SYNTHETIC_STARTER_00010,synthetic_starter,BTCUSD,30m,BUY,reversal,asia,bearish,medium,76.03,748.16,2.65,47,0,0,1,0,bearish_engulfing,bearish,48,neutral,price_action,2026-01-01 11:59:00,2026-01-01 13:29:00,63846.61,62969.05,65009.37,66172.14,65601.72,win,2.0,"Synthetic ML row: reversal | bearish_engulfing | asia | medium news | win. Use for testing pipeline, not as real edge."
SYNTHETIC_STARTER_00011,synthetic_starter,EURUSD,1h,SELL,breakout,asia,bearish,medium,1.65,16.43,1.98,55,0,0,0,1,bullish_engulfing,bullish,37,usd_bearish,blue_journal,2026-01-01 12:02:00,2026-01-01 13:32:00,1.11311,1.11423,1.112,1.11089,1.11365,loss,-0.48,"Synthetic ML row: breakout | bullish_engulfing | asia | medium news | loss. Use for testing pipeline, not as real edge."
SYNTHETIC_STARTER_00012,synthetic_starter,EURUSD,5m,SELL,order_block_retest,overlap,bullish,medium,1.14,16.77,3.51,50,0,1,0,1,inverted_hammer,bullish,68,neutral,smc_ict,2026-01-01 12:04:00,2026-01-01 13:34:00,1.06297,1.06457,1.06016,1.05736,1.0638,loss,-0.52,"Synthetic ML row: order_block_retest | inverted_hammer | overlap | medium news | loss. Use for testing pipeline, not as real edge."
SYNTHETIC_STARTER_00013,synthetic_starter,USDJPY,5m,BUY,liquidity_sweep,asia,high_volatility,high,1.71,19.77,3.68,58,0,1,0,1,piercing_line,bullish,80,neutral,candlestick,2026-01-01 12:38:00,2026-01-01 13:23:00,160.19,160.034,160.477,160.765,160.011,loss,-1.15,"Synthetic ML row: liquidity_sweep | piercing_line | asia | high news | loss. Use for testing pipeline, not as real edge."
SYNTHETIC_STARTER_00014,synthetic_starter,EURUSD,1h,BUY,range_rejection,asia,bearish,medium,1.11,7.59,3.74,67,0,1,0,0,harami_bullish,bullish,59,usd_bearish,smc_ict,2026-01-01 12:36:00,2026-01-01 15:36:00,1.07382,1.07284,1.07565,1.07749,1.07299,loss,-0.85,"Synthetic ML row: range_rejection | harami_bullish | asia | medium news | loss. Use for testing pipeline, not as real edge."
SYNTHETIC_STARTER_00015,synthetic_starter,GBPUSD,1h,SELL,liquidity_sweep,new_york,bearish,medium,1.59,12.88,3.32,72,1,1,1,0,shooting_star,bearish,47,neutral,booming_bulls_notes,2026-01-01 12:45:00,2026-01-01 13:45:00,1.26461,1.26546,1.26321,1.26181,1.26416,win,0.54,"Synthetic ML row: liquidity_sweep | shooting_star | new_york | medium news | win. Use for testing pipeline, not as real edge."
SYNTHETIC_STARTER_00016,synthetic_starter,GBPUSD,5m,SELL,range_rejection,new_york,bearish,low,1.82,9.96,2.62,70,1,0,1,0,outside_bar,neutral,62,neutral,mt5_history,2026-01-01 13:18:00,2026-01-01 15:18:00,1.27232,1.27327,1.27108,1.26983,1.27138,win,0.99,"Synthetic ML row: range_rejection | outside_bar | new_york | low news | win. Use for testing pipeline, not as real edge."
SYNTHETIC_STARTER_00017,synthetic_starter,EURUSD,15m,SELL,fvg_retest,new_york,sideways,low,0.82,11.18,3.52,49,0,0,1,0,hammer,bullish,64,usd_bearish,smc_ict,2026-01-01 13:19:00,2026-01-01 13:34:00,1.11056,1.112,1.10803,1.10549,1.10843,win,1.48,"Synthetic ML row: fvg_retest | hammer | new_york | low news | win. Use for testing pipeline, not as real edge."
SYNTHETIC_STARTER_00018,synthetic_starter,XAUUSD,15m,SELL,liquidity_sweep,asia,bearish,high,4.46,24.08,3.84,73,1,1,1,1,marubozu_bullish,bullish,40,neutral,smc_ict,2026-01-01 13:47:00,2026-01-01 17:47:00,2406.01,2408.88,2400.48,2394.96,2409.37,loss,-1.17,"Synthetic ML row: liquidity_sweep | marubozu_bullish | asia | high news | loss. Use for testing pipeline, not as real edge."
SYNTHETIC_STARTER_00019,synthetic_starter,USDJPY,30m,SELL,support_resistance,new_york,bullish,medium,1.85,7.29,1.28,69,1,1,0,0,hanging_man,bearish,60,neutral,smc_ict,2026-01-01 13:51:00,2026-01-01 16:51:00,155.164,155.253,155.107,155.051,155.033,win,1.48,"Synthetic ML row: support_resistance | hanging_man | new_york | medium news | win. Use for testing pipeline, not as real edge."
SYNTHETIC_STARTER_00020,synthetic_starter,XAUUSD,1h,SELL,range_rejection,asia,sideways,low,3.54,18.92,1.33,74,0,0,0,0,marubozu_bullish,bullish,87,usd_bullish,smc_ict,2026-01-01 14:21:00,2026-01-01 14:36:00,2291.34,2293.12,2290.15,2288.96,2293.46,loss,-1.19,"Synthetic ML row: range_rejection | marubozu_bullish | asia | low news | loss. Use for testing pipeline, not as real edge."
SYNTHETIC_STARTER_00021,synthetic_starter,USDJPY,5m,BUY,fvg_retest,london,bearish,low,1.36,22.0,1.92,86,0,0,1,0,dark_cloud_cover,bearish,78,usd_bullish,booming_bulls_notes,2026-01-01 14:34:00,2026-01-01 15:19:00,153.75,153.534,153.956,154.163,153.584,loss,-0.77,"Synthetic ML row: fvg_retest | dark_cloud_cover | london | low news | loss. Use for testing pipeline, not as real edge."
SYNTHETIC_STARTER_00022,synthetic_starter,XAUUSD,1h,BUY,breakout,new_york,bullish,medium,2.63,33.42,1.43,82,1,1,1,1,evening_star,bearish,38,neutral,booming_bulls_notes,2026-01-01 14:49:00,2026-01-01 15:19:00,2391.77,2388.25,2394.28,2396.8,2388.39,loss,-0.96,"Synthetic ML row: breakout | evening_star | new_york | medium news | loss. Use for testing pipeline, not as real edge."
SYNTHETIC_STARTER_00023,synthetic_starter,XAUUSD,1h,SELL,liquidity_sweep,new_york,sideways,low,2.88,12.13,1.36,78,1,1,0,1,three_white_soldiers,bullish,38,neutral,blue_journal,2026-01-01 15:03:00,2026-01-01 16:33:00,2324.94,2325.91,2324.29,2323.63,2323.43,win,1.57,"Synthetic ML row: liquidity_sweep | three_white_soldiers | new_york | low news | win. Use for testing pipeline, not as real edge."
SYNTHETIC_STARTER_00024,synthetic_starter,XAUUSD,1h,SELL,range_rejection,london,sideways,low,2.52,31.77,3.04,62,1,0,0,1,outside_bar,neutral,88,neutral,none,2026-01-01 15:13:00,2026-01-01 19:13:00,2357.78,2360.3,2353.95,2350.13,2356.65,win,0.45,"Synthetic ML row: range_rejection | outside_bar | london | low news | win. Use for testing pipeline, not as real edge."
SYNTHETIC_STARTER_00025,synthetic_starter,USDJPY,1h,SELL,trend_follow,new_york,bullish,low,1.09,13.26,1.78,59,1,0,1,0,inside_bar,neutral,85,usd_bullish,backtest,2026-01-01 15:38:00,2026-01-01 19:38:00,154.105,154.247,153.979,153.852,154.223,loss,-0.83,"Synthetic ML row: trend_follow | inside_bar | new_york | low news | loss. Use for testing pipeline, not as real edge."
SYNTHETIC_STARTER_00026,synthetic_starter,BTCUSD,5m,SELL,order_block_retest,overlap,bearish,low,76.2,819.76,3.21,51,0,0,0,1,bullish_engulfing,bullish,60,usd_bullish,candlestick,2026-01-01 16:00:00,2026-01-01 16:15:00,64034.67,65091.65,62338.21,60641.76,65324.18,loss,-1.22,"Synthetic ML row: order_block_retest | bullish_engulfing | overlap | low news | loss. Use for testing pipeline, not as real edge."
SYNTHETIC_STARTER_00027,synthetic_starter,XAUUSD,1h,BUY,reversal,london,sideways,medium,3.87,14.09,2.47,73,1,0,1,1,morning_star,bullish,35,usd_bearish,booming_bulls_notes,2026-01-01 16:08:00,2026-01-01 16:38:00,2413.11,2411.95,2414.54,2415.98,2413.71,win,0.52,"Synthetic ML row: reversal | morning_star | london | medium news | win. Use for testing pipeline, not as real edge."
SYNTHETIC_STARTER_00028,synthetic_starter,EURUSD,5m,SELL,liquidity_sweep,asia,bullish,low,1.41,10.9,3.0,61,0,1,0,1,three_white_soldiers,bullish,85,neutral,blue_journal,2026-01-01 16:17:00,2026-01-01 17:17:00,1.09461,1.09606,1.09244,1.09027,1.09578,loss,-0.81,"Synthetic ML row: liquidity_sweep | three_white_soldiers | asia | low news | loss. Use for testing pipeline, not as real edge."
SYNTHETIC_STARTER_00029,synthetic_starter,EURUSD,5m,BUY,order_block_retest,asia,sideways,low,1.15,11.42,1.06,47,1,1,1,1,three_black_crows,bearish,84,usd_bearish,price_action,2026-01-01 16:33:00,2026-01-01 16:48:00,1.11752,1.11622,1.11821,1.1189,1.12086,win,2.57,"Synthetic ML row: order_block_retest | three_black_crows | asia | low news | win. Use for testing pipeline, not as real edge."
SYNTHETIC_STARTER_00030,synthetic_starter,GBPUSD,15m,BUY,reversal,london,high_volatility,medium,0.86,9.73,2.12,76,1,0,0,0,marubozu_bearish,bearish,87,usd_bearish,mt5_history,2026-01-01 16:44:00,2026-01-01 17:14:00,1.26081,1.25998,1.2617,1.26258,1.26333,win,3.01,"Synthetic ML row: reversal | marubozu_bearish | london | medium news | win. Use for testing pipeline, not as real edge."
SYNTHETIC_STARTER_00031,synthetic_starter,USDJPY,1h,BUY,support_resistance,london,bearish,low,1.58,7.94,3.91,83,0,0,1,0,hanging_man,bearish,31,usd_bullish,blue_journal,2026-01-01 17:14:00,2026-01-01 17:44:00,155.839,155.784,155.946,156.054,155.899,win,1.1,"Synthetic ML row: support_resistance | hanging_man | london | low news | win. Use for testing pipeline, not as real edge."
SYNTHETIC_STARTER_00032,synthetic_starter,EURUSD,30m,SELL,support_resistance,new_york,high_volatility,low,0.68,5.91,3.27,71,0,0,1,1,pin_bar_bullish,bullish,95,usd_bearish,blue_journal,2026-01-01 17:09:00,2026-01-01 21:09:00,1.10878,1.10934,1.10785,1.10693,1.10907,loss,-0.52,"Synthetic ML row: support_resistance | pin_bar_bullish | new_york | low news | loss. Use for testing pipeline, not as real edge."
SYNTHETIC_STARTER_00033,synthetic_starter,USDJPY,30m,SELL,fvg_retest,new_york,bearish,low,1.64,17.28,3.4,69,0,1,1,0,doji,neutral,74,neutral,smc_ict,2026-01-01 17:33:00,2026-01-01 19:33:00,159.665,159.889,159.283,158.901,159.44,win,1.0,"Synthetic ML row: fvg_retest | doji | new_york | low news | win. Use for testing pipeline, not as real edge."
SYNTHETIC_STARTER_00034,synthetic_starter,USDJPY,1h,BUY,reversal,asia,high_volatility,low,1.79,19.75,2.02,65,0,1,1,1,hammer,bullish,58,neutral,blue_journal,2026-01-01 17:37:00,2026-01-01 19:07:00,160.862,160.625,161.101,161.34,160.746,loss,-0.49,"Synthetic ML row: reversal | hammer | asia | low news | loss. Use for testing pipeline, not as real edge."
SYNTHETIC_STARTER_00035,synthetic_starter,USDJPY,5m,BUY,liquidity_sweep,london,high_volatility,medium,1.18,16.91,1.38,56,1,1,0,0,outside_bar,neutral,62,usd_bullish,none,2026-01-01 18:05:00,2026-01-01 19:35:00,155.821,155.629,155.953,156.086,155.662,loss,-0.83,"Synthetic ML row: liquidity_sweep | outside_bar | london | medium news | loss. Use for testing pipeline, not as real edge."
SYNTHETIC_STARTER_00036,synthetic_starter,USDJPY,15m,SELL,order_block_retest,asia,low_volatility,high,1.79,7.71,2.02,67,1,0,1,1,hanging_man,bearish,57,neutral,mt5_history,2026-01-01 18:21:00,2026-01-01 21:21:00,154.086,154.168,154.004,153.922,154.038,win,0.6,"Synthetic ML row: order_block_retest | hanging_man | asia | high news | win. Use for testing pipeline, not as real edge."
SYNTHETIC_STARTER_00037,synthetic_starter,XAUUSD,30m,SELL,trend_follow,new_york,sideways,low,3.38,32.39,2.87,64,1,1,1,1,hanging_man,bearish,57,usd_bearish,smc_ict,2026-01-01 18:20:00,2026-01-01 19:20:00,2298.13,2301.48,2293.34,2288.55,2293.96,win,1.25,"Synthetic ML row: trend_follow | hanging_man | new_york | low news | win. Use for testing pipeline, not as real edge."
SYNTHETIC_STARTER_00038,synthetic_starter,GBPUSD,15m,SELL,order_block_retest,london,bearish,medium,1.83,10.84,2.96,88,1,0,0,1,none,neutral,0,usd_bearish,backtest,2026-01-01 18:42:00,2026-01-01 18:57:00,1.25698,1.25774,1.25586,1.25474,1.25777,loss,-1.04,"Synthetic ML row: order_block_retest | none | london | medium news | loss. Use for testing pipeline, not as real edge."
SYNTHETIC_STARTER_00039,synthetic_starter,GBPUSD,1h,SELL,trend_follow,overlap,bullish,high,2.06,12.14,2.11,53,1,0,0,1,tweezer_bottom,bullish,66,usd_bullish,none,2026-01-01 18:59:00,2026-01-01 20:59:00,1.28804,1.28949,1.28651,1.28498,1.28524,win,1.93,"Synthetic ML row: trend_follow | tweezer_bottom | overlap | high news | win. Use for testing pipeline, not as real edge."
SYNTHETIC_STARTER_00040,synthetic_starter,BTCUSD,15m,SELL,range_rejection,overlap,high_volatility,medium,78.7,535.7,3.69,86,0,0,0,0,pin_bar_bearish,bearish,72,usd_bearish,none,2026-01-01 19:26:00,2026-01-01 23:26:00,63407.53,63819.85,62646.8,61886.07,63164.26,win,0.59,"Synthetic ML row: range_rejection | pin_bar_bearish | overlap | medium news | win. Use for testing pipeline, not as real edge."
SYNTHETIC_STARTER_00041,synthetic_starter,BTCUSD,5m,BUY,trend_follow,new_york,bullish,low,52.53,441.14,3.95,53,1,0,1,1,hammer,bullish,52,neutral,smc_ict,2026-01-01 19:40:00,2026-01-01 20:40:00,65346.53,65076.27,65880.28,66414.03,65319.5,breakeven,-0.1,"Synthetic ML row: trend_follow | hammer | new_york | low news | breakeven. Use for testing pipeline, not as real edge."
SYNTHETIC_STARTER_00042,synthetic_starter,GBPUSD,15m,BUY,support_resistance,new_york,sideways,low,1.79,22.45,2.91,64,1,0,0,1,three_black_crows,bearish,90,usd_bearish,backtest,2026-01-01 19:57:00,2026-01-01 22:57:00,1.26936,1.26782,1.2716,1.27384,1.26951,breakeven,0.1,"Synthetic ML row: support_resistance | three_black_crows | new_york | low news | breakeven. Use for testing pipeline, not as real edge."
SYNTHETIC_STARTER_00043,synthetic_starter,USDJPY,5m,BUY,fvg_retest,london,bullish,low,0.76,16.48,3.61,80,1,0,1,1,dark_cloud_cover,bearish,83,neutral,booming_bulls_notes,2026-01-01 19:58:00,2026-01-01 20:28:00,154.443,154.303,154.696,154.949,154.862,win,2.99,"Synthetic ML row: fvg_retest | dark_cloud_cover | london | low news | win. Use for testing pipeline, not as real edge."
SYNTHETIC_STARTER_00044,synthetic_starter,GBPUSD,15m,SELL,breakout,new_york,bullish,low,2.13,16.55,2.94,71,1,0,0,0,hammer,bullish,37,usd_bearish,mt5_history,2026-01-01 20:23:00,2026-01-01 20:38:00,1.31083,1.31262,1.3082,1.30558,1.31291,loss,-1.16,"Synthetic ML row: breakout | hammer | new_york | low news | loss. Use for testing pipeline, not as real edge."
SYNTHETIC_STARTER_00045,synthetic_starter,GBPUSD,15m,BUY,fvg_retest,asia,high_volatility,low,1.97,23.57,3.42,84,1,1,1,1,marubozu_bullish,bullish,39,neutral,backtest,2026-01-01 20:23:00,2026-01-01 21:53:00,1.30725,1.30517,1.3108,1.31435,1.30507,loss,-1.05,"Synthetic ML row: fvg_retest | marubozu_bullish | asia | low news | loss. Use for testing pipeline, not as real edge."
SYNTHETIC_STARTER_00046,synthetic_starter,EURUSD,1h,BUY,breakout,asia,low_volatility,medium,0.92,17.24,2.71,48,1,0,0,0,none,neutral,0,usd_bullish,smc_ict,2026-01-01 20:44:00,2026-01-01 23:44:00,1.08407,1.08242,1.08629,1.08852,1.08805,win,2.42,"Synthetic ML row: breakout | none | asia | medium news | win. Use for testing pipeline, not as real edge."
SYNTHETIC_STARTER_00047,synthetic_starter,GBPUSD,5m,BUY,support_resistance,london,sideways,low,2.12,20.04,3.25,63,0,1,0,0,tweezer_top,bearish,30,usd_bearish,booming_bulls_notes,2026-01-01 21:01:00,2026-01-01 23:01:00,1.24226,1.23968,1.24646,1.25066,1.24754,win,2.04,"Synthetic ML row: support_resistance | tweezer_top | london | low news | win. Use for testing pipeline, not as real edge."
SYNTHETIC_STARTER_00048,synthetic_starter,XAUUSD,5m,SELL,range_rejection,london,bearish,low,4.34,20.42,3.01,68,0,0,1,0,marubozu_bearish,bearish,78,usd_bullish,mt5_history,2026-01-01 21:16:00,2026-01-01 21:46:00,2335.3,2337.04,2332.7,2330.09,2332.67,win,1.52,"Synthetic ML row: range_rejection | marubozu_bearish | london | low news | win. Use for testing pipeline, not as real edge."
SYNTHETIC_STARTER_00049,synthetic_starter,GBPUSD,30m,BUY,trend_follow,new_york,sideways,low,1.84,18.14,1.37,94,0,0,0,1,piercing_line,bullish,43,neutral,backtest,2026-01-01 21:35:00,2026-01-01 23:35:00,1.2483,1.24711,1.24911,1.24993,1.24716,loss,-0.96,"Synthetic ML row: trend_follow | piercing_line | new_york | low news | loss. Use for testing pipeline, not as real edge."
SYNTHETIC_STARTER_00050,synthetic_starter,USDJPY,30m,SELL,support_resistance,new_york,bullish,low,0.73,15.51,2.03,82,1,0,1,1,three_black_crows,bearish,32,neutral,none,2026-01-01 21:55:00,2026-01-01 22:55:00,154.527,154.679,154.373,154.219,154.453,win,0.49,"Synthetic ML row: support_resistance | three_black_crows | new_york | low news | win. Use for testing pipeline, not as real edge."
SYNTHETIC_STARTER_00051,synthetic_starter,EURUSD,1h,BUY,breakout,asia,bearish,high,0.71,9.85,1.71,71,0,0,0,0,tweezer_top,bearish,30,usd_bearish,candlestick,2026-01-01 22:06:00,2026-01-02 01:06:00,1.07095,1.06979,1.07194,1.07293,1.06974,loss,-1.04,"Synthetic ML row: breakout | tweezer_top | asia | high news | loss. Use for testing pipeline, not as real edge."
SYNTHETIC_STARTER_00052,synthetic_starter,BTCUSD,30m,BUY,order_block_retest,asia,high_volatility,medium,37.61,981.25,3.4,87,1,1,0,1,hanging_man,bearish,41,neutral,mt5_history,2026-01-01 22:13:00,2026-01-02 00:13:00,63121.1,62289.89,64534.16,65947.21,62713.81,loss,-0.49,"Synthetic ML row: order_block_retest | hanging_man | asia | medium news | loss. Use for testing pipeline, not as real edge."
SYNTHETIC_STARTER_00053,synthetic_starter,EURUSD,1h,SELL,order_block_retest,london,bullish,high,0.7,7.35,3.02,84,1,1,1,1,shooting_star,bearish,68,usd_bullish,none,2026-01-01 22:39:00,2026-01-02 02:39:00,1.06768,1.06827,1.06681,1.06593,1.0668,win,1.52,"Synthetic ML row: order_block_retest | shooting_star | london | high news | win. Use for testing pipeline, not as real edge."
SYNTHETIC_STARTER_00054,synthetic_starter,USDJPY,30m,BUY,order_block_retest,new_york,bearish,medium,0.95,16.26,3.6,80,1,1,0,1,dark_cloud_cover,bearish,45,usd_bullish,mt5_history,2026-01-01 22:54:00,2026-01-01 23:39:00,154.071,153.855,154.458,154.846,154.17,win,0.46,"Synthetic ML row: order_block_retest | dark_cloud_cover | new_york | medium news | win. Use for testing pipeline, not as real edge."
SYNTHETIC_STARTER_00055,synthetic_starter,EURUSD,5m,SELL,fvg_retest,overlap,bearish,low,0.61,7.92,1.82,51,1,0,1,0,bullish_engulfing,bullish,31,neutral,mt5_history,2026-01-01 23:11:00,2026-01-01 23:56:00,1.10185,1.10262,1.10115,1.10044,1.09954,win,2.99,"Synthetic ML row: fvg_retest | bullish_engulfing | overlap | low news | win. Use for testing pipeline, not as real edge."
SYNTHETIC_STARTER_00056,synthetic_starter,BTCUSD,5m,BUY,range_rejection,asia,bullish,low,43.08,266.4,3.7,83,0,0,0,1,shooting_star,bearish,55,neutral,booming_bulls_notes,2026-01-01 23:09:00,2026-01-02 02:09:00,63056.1,62821.07,63490.91,63925.72,63300.53,win,1.04,"Synthetic ML row: range_rejection | shooting_star | asia | low news | win. Use for testing pipeline, not as real edge."
SYNTHETIC_STARTER_00057,synthetic_starter,BTCUSD,15m,SELL,breakout,new_york,low_volatility,low,62.82,524.95,1.02,60,1,0,0,0,tweezer_top,bearish,74,neutral,none,2026-01-01 23:32:00,2026-01-02 01:32:00,66222.68,66611.19,66024.55,65826.41,65869.15,win,0.91,"Synthetic ML row: breakout | tweezer_top | new_york | low news | win. Use for testing pipeline, not as real edge."
SYNTHETIC_STARTER_00058,synthetic_starter,USDJPY,15m,SELL,support_resistance,new_york,sideways,low,1.32,21.83,2.54,61,0,0,0,1,bearish_engulfing,bearish,50,usd_bullish,booming_bulls_notes,2026-01-01 23:31:00,2026-01-02 01:31:00,154.075,154.345,153.731,153.387,154.334,loss,-0.96,"Synthetic ML row: support_resistance | bearish_engulfing | new_york | low news | loss. Use for testing pipeline, not as real edge."
SYNTHETIC_STARTER_00059,synthetic_starter,USDJPY,1h,SELL,support_resistance,overlap,low_volatility,low,0.71,15.64,3.43,79,1,0,1,1,harami_bearish,bearish,72,usd_bearish,blue_journal,2026-01-01 23:50:00,2026-01-02 03:50:00,154.809,154.908,154.639,154.469,154.606,win,2.04,"Synthetic ML row: support_resistance | harami_bearish | overlap | low news | win. Use for testing pipeline, not as real edge."
SYNTHETIC_STARTER_00060,synthetic_starter,GBPUSD,30m,SELL,range_rejection,new_york,bullish,medium,0.8,20.23,1.97,69,0,1,1,0,piercing_line,bullish,28,neutral,candlestick,2026-01-02 00:11:00,2026-01-02 04:11:00,1.29513,1.29727,1.29302,1.2909,1.29172,win,1.59,"Synthetic ML row: range_rejection | piercing_line | new_york | medium news | win. Use for testing pipeline, not as real edge."
SYNTHETIC_STARTER_00061,synthetic_starter,BTCUSD,1h,SELL,liquidity_sweep,london,low_volatility,low,29.8,423.3,2.23,84,1,1,0,0,none,neutral,0,usd_bearish,candlestick,2026-01-02 00:43:00,2026-01-02 04:43:00,66939.32,67467.78,66350.1,65760.87,66680.38,win,0.49,"Synthetic ML row: liquidity_sweep | none | london | low news | win. Use for testing pipeline, not as real edge."
SYNTHETIC_STARTER_00062,synthetic_starter,GBPUSD,5m,SELL,reversal,new_york,bearish,low,1.89,7.45,2.57,68,1,0,0,0,harami_bearish,bearish,71,usd_bearish,candlestick,2026-01-02 00:42:00,2026-01-02 04:42:00,1.27697,1.27787,1.2758,1.27464,1.27745,loss,-0.54,"Synthetic ML row: reversal | harami_bearish | new_york | low news | loss. Use for testing pipeline, not as real edge."
SYNTHETIC_STARTER_00063,synthetic_starter,BTCUSD,15m,BUY,fvg_retest,overlap,bearish,medium,20.44,310.67,1.33,65,1,1,1,0,morning_star,bullish,41,neutral,candlestick,2026-01-02 01:05:00,2026-01-02 02:35:00,63538.16,63276.5,63712.17,63886.18,63655.91,win,0.45,"Synthetic ML row: fvg_retest | morning_star | overlap | medium news | win. Use for testing pipeline, not as real edge."
SYNTHETIC_STARTER_00064,synthetic_starter,BTCUSD,15m,BUY,fvg_retest,new_york,bullish,medium,30.0,371.35,2.63,84,0,1,1,1,marubozu_bearish,bearish,28,neutral,none,2026-01-02 01:30:00,2026-01-02 03:00:00,64933.48,64471.62,65540.84,66148.19,65838.74,win,1.96,"Synthetic ML row: fvg_retest | marubozu_bearish | new_york | medium news | win. Use for testing pipeline, not as real edge."
SYNTHETIC_STARTER_00065,synthetic_starter,USDJPY,1h,SELL,support_resistance,asia,bearish,low,1.81,21.61,1.22,68,1,0,1,1,three_black_crows,bearish,68,neutral,smc_ict,2026-01-02 01:16:00,2026-01-02 02:46:00,160.374,160.653,160.204,160.034,160.115,win,0.93,"Synthetic ML row: support_resistance | three_black_crows | asia | low news | win. Use for testing pipeline, not as real edge."
SYNTHETIC_STARTER_00066,synthetic_starter,USDJPY,15m,BUY,trend_follow,new_york,sideways,high,1.15,13.32,1.57,82,1,1,0,0,evening_star,bearish,90,usd_bearish,blue_journal,2026-01-02 01:50:00,2026-01-02 05:50:00,154.192,154.111,154.255,154.319,154.36,win,2.08,"Synthetic ML row: trend_follow | evening_star | new_york | high news | win. Use for testing pipeline, not as real edge."
SYNTHETIC_STARTER_00067,synthetic_starter,XAUUSD,15m,SELL,fvg_retest,overlap,sideways,medium,1.72,21.61,3.25,62,1,0,1,0,bearish_engulfing,bearish,31,neutral,mt5_history,2026-01-02 01:56:00,2026-01-02 02:41:00,2307.57,2309.74,2304.03,2300.49,2309.72,loss,-0.99,"Synthetic ML row: fvg_retest | bearish_engulfing | overlap | medium news | loss. Use for testing pipeline, not as real edge."
SYNTHETIC_STARTER_00068,synthetic_starter,BTCUSD,5m,BUY,support_resistance,asia,sideways,medium,69.3,773.41,2.42,77,1,0,0,1,morning_star,bullish,66,neutral,candlestick,2026-01-02 02:11:00,2026-01-02 04:11:00,65677.84,64607.51,66972.95,68268.06,67347.57,win,1.56,"Synthetic ML row: support_resistance | morning_star | asia | medium news | win. Use for testing pipeline, not as real edge."
SYNTHETIC_STARTER_00069,synthetic_starter,BTCUSD,5m,SELL,trend_follow,new_york,sideways,low,69.2,305.16,2.98,47,1,0,1,1,none,neutral,0,neutral,none,2026-01-02 02:21:00,2026-01-02 05:21:00,65007.1,65339.47,64511.86,64016.62,64681.37,win,0.98,"Synthetic ML row: trend_follow | none | new_york | low news | win. Use for testing pipeline, not as real edge."
SYNTHETIC_STARTER_00070,synthetic_starter,USDJPY,15m,BUY,support_resistance,new_york,low_volatility,medium,1.55,19.88,2.98,89,1,0,0,0,tweezer_top,bearish,65,usd_bearish,mt5_history,2026-01-02 02:39:00,2026-01-02 03:39:00,160.338,160.062,160.748,161.159,160.602,win,0.96,"Synthetic ML row: support_resistance | tweezer_top | new_york | medium news | win. Use for testing pipeline, not as real edge."
SYNTHETIC_STARTER_00071,synthetic_starter,GBPUSD,1h,BUY,order_block_retest,london,low_volatility,low,2.13,20.68,1.73,63,1,1,1,1,inside_bar,neutral,94,neutral,price_action,2026-01-02 03:02:00,2026-01-02 04:32:00,1.30813,1.30573,1.3102,1.31227,1.31038,win,0.94,"Synthetic ML row: order_block_retest | inside_bar | london | low news | win. Use for testing pipeline, not as real edge."
SYNTHETIC_STARTER_00072,synthetic_starter,EURUSD,15m,BUY,trend_follow,london,bearish,medium,1.75,17.71,1.31,86,0,0,1,0,bearish_engulfing,bearish,77,usd_bearish,price_action,2026-01-02 03:20:00,2026-01-02 03:35:00,1.11156,1.11037,1.11234,1.11311,1.11294,win,1.16,"Synthetic ML row: trend_follow | bearish_engulfing | london | medium news | win. Use for testing pipeline, not as real edge."
SYNTHETIC_STARTER_00073,synthetic_starter,BTCUSD,5m,BUY,reversal,overlap,high_volatility,low,14.55,463.31,2.73,66,0,1,1,0,bearish_engulfing,bearish,88,usd_bearish,mt5_history,2026-01-02 03:29:00,2026-01-02 04:59:00,63801.96,63482.23,64238.41,64674.85,63558.96,loss,-0.76,"Synthetic ML row: reversal | bearish_engulfing | overlap | low news | loss. Use for testing pipeline, not as real edge."
SYNTHETIC_STARTER_00074,synthetic_starter,EURUSD,30m,SELL,order_block_retest,new_york,bearish,low,1.06,9.26,2.08,51,1,1,0,1,marubozu_bearish,bearish,47,usd_bullish,smc_ict,2026-01-02 03:42:00,2026-01-02 04:42:00,1.08153,1.08229,1.08075,1.07997,1.08217,loss,-0.85,"Synthetic ML row: order_block_retest | marubozu_bearish | new_york | low news | loss. Use for testing pipeline, not as real edge."
SYNTHETIC_STARTER_00075,synthetic_starter,GBPUSD,5m,SELL,breakout,london,bullish,low,1.17,9.0,3.73,63,1,0,1,1,three_black_crows,bearish,45,usd_bearish,booming_bulls_notes,2026-01-02 03:56:00,2026-01-02 06:56:00,1.29045,1.29165,1.28822,1.28598,1.28734,win,2.6,"Synthetic ML row: breakout | three_black_crows | london | low news | win. Use for testing pipeline, not as real edge."
SYNTHETIC_STARTER_00076,synthetic_starter,BTCUSD,15m,BUY,support_resistance,new_york,sideways,medium,25.75,713.49,1.33,78,1,0,1,1,tweezer_top,bearish,34,usd_bearish,backtest,2026-01-02 04:28:00,2026-01-02 08:28:00,66203.9,65516.99,66660.69,67117.49,67577.72,win,2.0,"Synthetic ML row: support_resistance | tweezer_top | new_york | medium news | win. Use for testing pipeline, not as real edge."
SYNTHETIC_STARTER_00077,synthetic_starter,BTCUSD,1h,SELL,order_block_retest,new_york,sideways,medium,51.33,197.55,1.9,49,1,1,1,1,none,neutral,0,neutral,none,2026-01-02 04:20:00,2026-01-02 05:05:00,66036.73,66309.87,65777.24,65517.75,65911.08,win,0.46,"Synthetic ML row: order_block_retest | none | new_york | medium news | win. Use for testing pipeline, not as real edge."
SYNTHETIC_STARTER_00078,synthetic_starter,USDJPY,1h,SELL,breakout,london,bearish,high,1.97,19.36,3.22,64,0,1,0,0,harami_bullish,bullish,69,usd_bearish,candlestick,2026-01-02 04:37:00,2026-01-02 08:37:00,154.758,154.917,154.502,154.247,154.944,loss,-1.17,"Synthetic ML row: breakout | harami_bullish | london | high news | loss. Use for testing pipeline, not as real edge."
SYNTHETIC_STARTER_00079,synthetic_starter,XAUUSD,1h,BUY,trend_follow,new_york,high_volatility,high,2.23,9.19,2.2,79,1,0,1,1,doji,neutral,37,usd_bullish,price_action,2026-01-02 05:08:00,2026-01-02 07:08:00,2360.92,2359.8,2362.16,2363.39,2362.11,win,1.06,"Synthetic ML row: trend_follow | doji | new_york | high news | win. Use for testing pipeline, not as real edge."
SYNTHETIC_STARTER_00080,synthetic_starter,GBPUSD,30m,BUY,range_rejection,overlap,bearish,high,1.72,16.45,0.95,67,1,1,1,0,inside_bar,neutral,32,neutral,booming_bulls_notes,2026-01-02 05:13:00,2026-01-02 05:58:00,1.25969,1.25846,1.26028,1.26086,1.25849,loss,-0.98,"Synthetic ML row: range_rejection | inside_bar | overlap | high news | loss. Use for testing pipeline, not as real edge."
SYNTHETIC_STARTER_00081,synthetic_starter,BTCUSD,15m,SELL,support_resistance,overlap,sideways,low,55.98,1118.34,3.51,50,1,0,0,0,bearish_engulfing,bearish,78,neutral,mt5_history,2026-01-02 05:17:00,2026-01-02 06:17:00,66188.14,67384.84,64087.93,61987.73,63902.44,win,1.91,"Synthetic ML row: support_resistance | bearish_engulfing | overlap | low news | win. Use for testing pipeline, not as real edge."
SYNTHETIC_STARTER_00082,synthetic_starter,BTCUSD,1h,BUY,liquidity_sweep,london,bearish,high,59.3,888.96,2.07,60,1,1,1,1,doji,neutral,40,neutral,smc_ict,2026-01-02 05:41:00,2026-01-02 07:11:00,64070.09,63172.02,64999.6,65929.11,65426.18,win,1.51,"Synthetic ML row: liquidity_sweep | doji | london | high news | win. Use for testing pipeline, not as real edge."
SYNTHETIC_STARTER_00083,synthetic_starter,USDJPY,5m,SELL,fvg_retest,new_york,sideways,medium,0.8,10.17,3.79,82,1,1,1,0,doji,neutral,65,neutral,backtest,2026-01-02 06:02:00,2026-01-02 08:02:00,153.926,154.054,153.683,153.441,153.548,win,2.95,"Synthetic ML row: fvg_retest | doji | new_york | medium news | win. Use for testing pipeline, not as real edge."
SYNTHETIC_STARTER_00084,synthetic_starter,USDJPY,15m,SELL,support_resistance,new_york,bullish,low,1.67,12.6,3.5,59,0,1,1,1,evening_star,bearish,92,usd_bullish,none,2026-01-02 06:11:00,2026-01-02 06:26:00,157.304,157.447,157.054,156.805,157.304,breakeven,0.0,"Synthetic ML row: support_resistance | evening_star | new_york | low news | breakeven. Use for testing pipeline, not as real edge."
SYNTHETIC_STARTER_00085,synthetic_starter,BTCUSD,1h,SELL,liquidity_sweep,asia,bearish,low,57.83,996.48,3.71,51,1,1,0,1,tweezer_top,bearish,93,usd_bullish,booming_bulls_notes,2026-01-02 06:27:00,2026-01-02 06:57:00,64504.9,65426.47,62795.4,61085.89,63445.1,win,1.15,"Synthetic ML row: liquidity_sweep | tweezer_top | asia | low news | win. Use for testing pipeline, not as real edge."
SYNTHETIC_STARTER_00086,synthetic_starter,BTCUSD,15m,BUY,liquidity_sweep,london,bullish,medium,59.79,236.82,3.51,86,1,1,0,1,hammer,bullish,73,usd_bearish,mt5_history,2026-01-02 06:59:00,2026-01-02 07:14:00,63946.09,63633.25,64495.13,65044.17,64127.54,win,0.58,"Synthetic ML row: liquidity_sweep | hammer | london | medium news | win. Use for testing pipeline, not as real edge."
SYNTHETIC_STARTER_00087,synthetic_starter,BTCUSD,30m,SELL,liquidity_sweep,asia,high_volatility,low,60.46,568.21,1.05,55,1,1,1,1,evening_star,bearish,27,neutral,backtest,2026-01-02 07:08:00,2026-01-02 07:53:00,66132.94,66787.21,65789.45,65445.96,65360.91,win,1.18,"Synthetic ML row: liquidity_sweep | evening_star | asia | low news | win. Use for testing pipeline, not as real edge."
SYNTHETIC_STARTER_00088,synthetic_starter,XAUUSD,5m,SELL,range_rejection,asia,bullish,low,2.63,13.01,2.67,69,1,0,0,0,outside_bar,neutral,59,usd_bullish,none,2026-01-02 07:02:00,2026-01-02 08:32:00,2301.25,2302.77,2299.21,2297.18,2299.66,win,1.04,"Synthetic ML row: range_rejection | outside_bar | asia | low news | win. Use for testing pipeline, not as real edge."
SYNTHETIC_STARTER_00089,synthetic_starter,EURUSD,30m,SELL,support_resistance,london,low_volatility,low,1.03,5.34,1.93,50,0,0,0,0,piercing_line,bullish,38,neutral,booming_bulls_notes,2026-01-02 07:38:00,2026-01-02 08:38:00,1.08968,1.09008,1.08931,1.08893,1.09014,loss,-1.17,"Synthetic ML row: support_resistance | piercing_line | london | low news | loss. Use for testing pipeline, not as real edge."
SYNTHETIC_STARTER_00090,synthetic_starter,USDJPY,15m,BUY,reversal,london,bullish,low,1.61,13.93,2.77,74,0,1,0,1,three_white_soldiers,bullish,78,usd_bullish,booming_bulls_notes,2026-01-02 07:56:00,2026-01-02 10:56:00,159.05,158.93,159.216,159.383,159.047,breakeven,-0.02,"Synthetic ML row: reversal | three_white_soldiers | london | low news | breakeven. Use for testing pipeline, not as real edge."
SYNTHETIC_STARTER_00091,synthetic_starter,GBPUSD,15m,SELL,support_resistance,london,sideways,medium,1.56,11.12,2.0,95,1,0,1,0,outside_bar,neutral,75,usd_bearish,candlestick,2026-01-02 08:02:00,2026-01-02 08:17:00,1.30965,1.31073,1.30858,1.3075,1.30853,win,1.04,"Synthetic ML row: support_resistance | outside_bar | london | medium news | win. Use for testing pipeline, not as real edge."
SYNTHETIC_STARTER_00092,synthetic_starter,EURUSD,30m,SELL,range_rejection,overlap,high_volatility,low,1.53,5.96,3.97,75,1,0,1,1,harami_bullish,bullish,42,neutral,blue_journal,2026-01-02 08:17:00,2026-01-02 08:32:00,1.10393,1.10445,1.10288,1.10183,1.10232,win,3.04,"Synthetic ML row: range_rejection | harami_bullish | overlap | low news | win. Use for testing pipeline, not as real edge."
SYNTHETIC_STARTER_00093,synthetic_starter,BTCUSD,5m,BUY,liquidity_sweep,new_york,bearish,medium,29.59,686.21,2.46,82,1,1,0,0,marubozu_bearish,bearish,67,neutral,mt5_history,2026-01-02 08:19:00,2026-01-02 10:19:00,66941.04,66264.29,67773.45,68605.85,68321.61,win,2.04,"Synthetic ML row: liquidity_sweep | marubozu_bearish | new_york | medium news | win. Use for testing pipeline, not as real edge."
SYNTHETIC_STARTER_00094,synthetic_starter,GBPUSD,5m,SELL,order_block_retest,asia,bullish,high,1.78,14.69,1.01,47,1,0,0,1,outside_bar,neutral,51,neutral,blue_journal,2026-01-02 08:55:00,2026-01-02 09:40:00,1.30789,1.30964,1.307,1.30612,1.30365,win,2.42,"Synthetic ML row: order_block_retest | outside_bar | asia | high news | win. Use for testing pipeline, not as real edge."
SYNTHETIC_STARTER_00095,synthetic_starter,BTCUSD,15m,BUY,range_rejection,london,bearish,low,25.42,771.81,2.04,90,1,0,0,1,hanging_man,bearish,48,usd_bullish,candlestick,2026-01-02 09:02:00,2026-01-02 09:47:00,64476.59,63891.82,65073.06,65669.52,64804.06,win,0.56,"Synthetic ML row: range_rejection | hanging_man | london | low news | win. Use for testing pipeline, not as real edge."
SYNTHETIC_STARTER_00096,synthetic_starter,XAUUSD,1h,SELL,range_rejection,new_york,sideways,medium,3.9,32.8,2.69,88,1,0,0,1,marubozu_bearish,bearish,69,usd_bullish,price_action,2026-01-02 09:22:00,2026-01-02 10:07:00,2351.53,2354.59,2347.4,2343.28,2350.18,win,0.44,"Synthetic ML row: range_rejection | marubozu_bearish | new_york | medium news | win. Use for testing pipeline, not as real edge."
SYNTHETIC_STARTER_00097,synthetic_starter,EURUSD,1h,SELL,reversal,london,sideways,medium,1.63,17.37,2.35,57,0,0,1,1,marubozu_bullish,bullish,87,usd_bearish,candlestick,2026-01-02 09:29:00,2026-01-02 13:29:00,1.06334,1.06517,1.06119,1.05904,1.0655,loss,-1.18,"Synthetic ML row: reversal | marubozu_bullish | london | medium news | loss. Use for testing pipeline, not as real edge."
SYNTHETIC_STARTER_00098,synthetic_starter,EURUSD,5m,SELL,support_resistance,london,bullish,low,1.79,12.05,3.22,93,1,1,0,0,marubozu_bearish,bearish,95,neutral,blue_journal,2026-01-02 09:56:00,2026-01-02 10:56:00,1.07183,1.07352,1.06912,1.0664,1.06944,win,1.42,"Synthetic ML row: support_resistance | marubozu_bearish | london | low news | win. Use for testing pipeline, not as real edge."
SYNTHETIC_STARTER_00099,synthetic_starter,USDJPY,30m,SELL,breakout,overlap,high_volatility,low,1.7,19.02,3.38,81,1,1,0,1,pin_bar_bullish,bullish,69,usd_bearish,smc_ict,2026-01-02 09:53:00,2026-01-02 10:23:00,152.785,153.013,152.399,152.013,152.52,win,1.16,"Synthetic ML row: breakout | pin_bar_bullish | overlap | low news | win. Use for testing pipeline, not as real edge."
SYNTHETIC_STARTER_00100,synthetic_starter,USDJPY,30m,BUY,trend_follow,overlap,high_volatility,low,0.98,12.63,2.25,85,1,1,0,0,morning_star,bullish,56,usd_bullish,backtest,2026-01-02 10:11:00,2026-01-02 14:11:00,160.42,160.311,160.542,160.665,160.702,win,2.59,"Synthetic ML row: trend_follow | morning_star | overlap | low news | win. Use for testing pipeline, not as real edge."
SYNTHETIC_STARTER_00101,synthetic_starter,XAUUSD,1h,BUY,range_rejection,new_york,high_volatility,medium,1.89,31.02,3.32,88,1,0,0,0,doji,neutral,52,usd_bullish,mt5_history,2026-01-02 10:20:00,2026-01-02 14:20:00,2343.87,2339.55,2351.04,2358.22,2344.26,breakeven,0.09,"Synthetic ML row: range_rejection | doji | new_york | medium news | breakeven. Use for testing pipeline, not as real edge."
SYNTHETIC_STARTER_00102,synthetic_starter,USDJPY,15m,BUY,order_block_retest,overlap,high_volatility,low,0.67,16.01,3.12,93,0,1,1,1,hammer,bullish,57,usd_bullish,backtest,2026-01-02 10:45:00,2026-01-02 11:15:00,152.758,152.633,152.953,153.148,152.808,win,0.4,"Synthetic ML row: order_block_retest | hammer | overlap | low news | win. Use for testing pipeline, not as real edge."
SYNTHETIC_STARTER_00103,synthetic_starter,USDJPY,5m,BUY,range_rejection,new_york,low_volatility,medium,1.04,20.1,1.24,94,0,0,1,0,harami_bearish,bearish,86,usd_bullish,candlestick,2026-01-02 10:59:00,2026-01-02 12:59:00,158.285,158.063,158.422,158.559,158.734,win,2.03,"Synthetic ML row: range_rejection | harami_bearish | new_york | medium news | win. Use for testing pipeline, not as real edge."
SYNTHETIC_STARTER_00104,synthetic_starter,EURUSD,1h,SELL,breakout,overlap,bullish,low,0.61,12.19,2.72,83,1,0,0,0,marubozu_bearish,bearish,69,usd_bearish,mt5_history,2026-01-02 11:28:00,2026-01-02 12:58:00,1.06582,1.06715,1.06402,1.06223,1.06176,win,3.07,"Synthetic ML row: breakout | marubozu_bearish | overlap | low news | win. Use for testing pipeline, not as real edge."
SYNTHETIC_STARTER_00105,synthetic_starter,EURUSD,30m,SELL,trend_follow,new_york,sideways,medium,0.52,9.69,1.81,69,0,1,0,1,tweezer_bottom,bullish,39,neutral,mt5_history,2026-01-02 11:17:00,2026-01-02 11:32:00,1.06952,1.07013,1.06896,1.06841,1.06986,loss,-0.55,"Synthetic ML row: trend_follow | tweezer_bottom | new_york | medium news | loss. Use for testing pipeline, not as real edge."
SYNTHETIC_STARTER_00106,synthetic_starter,XAUUSD,30m,SELL,range_rejection,new_york,bearish,low,1.97,16.82,2.68,93,0,0,1,1,hammer,bullish,60,neutral,candlestick,2026-01-02 12:00:00,2026-01-02 13:00:00,2287.66,2288.79,2286.16,2284.65,2284.86,win,2.49,"Synthetic ML row: range_rejection | hammer | new_york | low news | win. Use for testing pipeline, not as real edge."
SYNTHETIC_STARTER_00107,synthetic_starter,USDJPY,1h,BUY,reversal,new_york,sideways,low,1.7,17.53,1.33,53,1,0,1,0,shooting_star,bearish,42,neutral,none,2026-01-02 11:58:00,2026-01-02 13:28:00,156.424,156.282,156.518,156.612,156.35,loss,-0.52,"Synthetic ML row: reversal | shooting_star | new_york | low news | loss. Use for testing pipeline, not as real edge."
SYNTHETIC_STARTER_00108,synthetic_starter,BTCUSD,1h,BUY,reversal,london,bearish,low,62.37,152.7,3.55,45,1,1,1,0,piercing_line,bullish,57,usd_bullish,candlestick,2026-01-02 12:30:00,2026-01-02 12:45:00,65206.17,65002.9,65566.97,65927.77,65397.24,win,0.94,"Synthetic ML row: reversal | piercing_line | london | low news | win. Use for testing pipeline, not as real edge."
SYNTHETIC_STARTER_00109,synthetic_starter,USDJPY,30m,BUY,breakout,london,bearish,high,1.97,21.27,1.02,74,1,1,0,1,marubozu_bearish,bearish,40,usd_bearish,backtest,2026-01-02 12:33:00,2026-01-02 14:03:00,158.445,158.276,158.531,158.618,158.638,win,1.14,"Synthetic ML row: breakout | marubozu_bearish | london | high news | win. Use for testing pipeline, not as real edge."
SYNTHETIC_STARTER_00110,synthetic_starter,GBPUSD,15m,SELL,reversal,new_york,sideways,low,2.13,7.02,2.9,92,0,0,1,1,bullish_engulfing,bullish,28,neutral,mt5_history,2026-01-02 13:00:00,2026-01-02 13:15:00,1.31115,1.31179,1.31022,1.3093,1.31052,win,0.98,"Synthetic ML row: reversal | bullish_engulfing | new_york | low news | win. Use for testing pipeline, not as real edge."
SYNTHETIC_STARTER_00111,synthetic_starter,GBPUSD,5m,BUY,fvg_retest,overlap,bearish,high,1.59,8.06,2.92,53,1,1,1,0,three_black_crows,bearish,37,usd_bullish,price_action,2026-01-02 12:53:00,2026-01-02 13:53:00,1.24246,1.24185,1.24336,1.24426,1.24184,loss,-1.02,"Synthetic ML row: fvg_retest | three_black_crows | overlap | high news | loss. Use for testing pipeline, not as real edge."
SYNTHETIC_STARTER_00112,synthetic_starter,BTCUSD,15m,BUY,breakout,asia,bearish,low,66.92,469.43,3.06,83,1,0,1,0,marubozu_bullish,bullish,51,usd_bullish,backtest,2026-01-02 13:07:00,2026-01-02 15:07:00,64595.35,64295.31,65054.42,65513.48,64871.39,win,0.92,"Synthetic ML row: breakout | marubozu_bullish | asia | low news | win. Use for testing pipeline, not as real edge."
SYNTHETIC_STARTER_00113,synthetic_starter,GBPUSD,15m,SELL,trend_follow,asia,bearish,low,2.17,9.22,3.44,68,1,0,0,1,shooting_star,bearish,38,neutral,blue_journal,2026-01-02 13:17:00,2026-01-02 14:17:00,1.30579,1.30667,1.30428,1.30276,1.30323,win,2.91,"Synthetic ML row: trend_follow | shooting_star | asia | low news | win. Use for testing pipeline, not as real edge."
SYNTHETIC_STARTER_00114,synthetic_starter,EURUSD,30m,BUY,range_rejection,asia,bullish,high,1.68,8.57,2.23,54,1,0,0,0,none,neutral,0,usd_bullish,mt5_history,2026-01-02 13:58:00,2026-01-02 17:58:00,1.05642,1.05571,1.05721,1.05799,1.05571,loss,-1.0,"Synthetic ML row: range_rejection | none | asia | high news | loss. Use for testing pipeline, not as real edge."
SYNTHETIC_STARTER_00115,synthetic_starter,EURUSD,15m,SELL,liquidity_sweep,new_york,bullish,medium,1.15,10.05,1.38,65,1,1,0,1,dark_cloud_cover,bearish,86,neutral,backtest,2026-01-02 14:01:00,2026-01-02 16:01:00,1.10237,1.10378,1.1014,1.10043,1.10223,breakeven,0.1,"Synthetic ML row: liquidity_sweep | dark_cloud_cover | new_york | medium news | breakeven. Use for testing pipeline, not as real edge."
SYNTHETIC_STARTER_00116,synthetic_starter,EURUSD,15m,BUY,liquidity_sweep,new_york,high_volatility,low,0.81,9.13,3.16,67,1,1,1,0,pin_bar_bullish,bullish,70,neutral,mt5_history,2026-01-02 14:18:00,2026-01-02 15:18:00,1.10692,1.10578,1.10872,1.11052,1.10921,win,2.01,"Synthetic ML row: liquidity_sweep | pin_bar_bullish | new_york | low news | win. Use for testing pipeline, not as real edge."
SYNTHETIC_STARTER_00117,synthetic_starter,USDJPY,15m,SELL,trend_follow,london,bullish,low,0.85,18.84,3.58,48,0,1,1,0,bullish_engulfing,bullish,25,usd_bullish,blue_journal,2026-01-02 14:45:00,2026-01-02 15:15:00,155.015,155.27,154.559,154.102,154.487,win,2.07,"Synthetic ML row: trend_follow | bullish_engulfing | london | low news | win. Use for testing pipeline, not as real edge."
SYNTHETIC_STARTER_00118,synthetic_starter,USDJPY,30m,BUY,range_rejection,london,bullish,low,1.7,9.57,2.68,56,0,1,1,1,hanging_man,bearish,65,usd_bearish,blue_journal,2026-01-02 14:30:00,2026-01-02 17:30:00,159.487,159.371,159.643,159.799,159.597,win,0.94,"Synthetic ML row: range_rejection | hanging_man | london | low news | win. Use for testing pipeline, not as real edge."
SYNTHETIC_STARTER_00119,synthetic_starter,BTCUSD,15m,BUY,trend_follow,new_york,low_volatility,high,23.42,1079.59,1.08,90,0,1,0,1,hanging_man,bearish,88,neutral,price_action,2026-01-02 14:56:00,2026-01-02 16:26:00,66119.38,64849.42,66805.15,67490.93,65128.81,loss,-0.78,"Synthetic ML row: trend_follow | hanging_man | new_york | high news | loss. Use for testing pipeline, not as real edge."
SYNTHETIC_STARTER_00120,synthetic_starter,XAUUSD,1h,SELL,support_resistance,new_york,high_volatility,high,3.77,14.09,2.24,47,1,1,1,0,dark_cloud_cover,bearish,94,usd_bearish,backtest,2026-01-02 15:05:00,2026-01-02 18:05:00,2302.19,2303.32,2300.92,2299.65,2301.72,win,0.41,"Synthetic ML row: support_resistance | dark_cloud_cover | new_york | high news | win. Use for testing pipeline, not as real edge."
SYNTHETIC_STARTER_00121,synthetic_starter,XAUUSD,1h,SELL,range_rejection,new_york,sideways,low,4.28,22.58,2.91,64,0,1,0,0,evening_star,bearish,37,usd_bullish,none,2026-01-02 15:28:00,2026-01-02 15:58:00,2321.03,2323.58,2317.32,2313.61,2319.83,win,0.47,"Synthetic ML row: range_rejection | evening_star | new_york | low news | win. Use for testing pipeline, not as real edge."
SYNTHETIC_STARTER_00122,synthetic_starter,BTCUSD,15m,SELL,breakout,asia,sideways,low,55.65,556.9,1.99,69,1,0,1,0,tweezer_bottom,bullish,64,usd_bearish,price_action,2026-01-02 15:38:00,2026-01-02 16:38:00,66314.61,66900.13,65732.01,65149.42,66320.46,breakeven,-0.01,"Synthetic ML row: breakout | tweezer_bottom | asia | low news | breakeven. Use for testing pipeline, not as real edge."
SYNTHETIC_STARTER_00123,synthetic_starter,EURUSD,5m,BUY,trend_follow,new_york,bearish,medium,1.12,16.46,2.32,50,1,0,0,1,marubozu_bullish,bullish,74,usd_bearish,none,2026-01-02 16:04:00,2026-01-02 16:49:00,1.06028,1.0583,1.06258,1.06488,1.06625,win,3.01,"Synthetic ML row: trend_follow | marubozu_bullish | new_york | medium news | win. Use for testing pipeline, not as real edge."
SYNTHETIC_STARTER_00124,synthetic_starter,EURUSD,15m,BUY,range_rejection,new_york,bearish,low,1.22,12.18,3.54,78,0,1,1,0,doji,neutral,58,usd_bearish,candlestick,2026-01-02 16:18:00,2026-01-02 19:18:00,1.05977,1.0589,1.06133,1.06288,1.05981,breakeven,0.04,"Synthetic ML row: range_rejection | doji | new_york | low news | breakeven. Use for testing pipeline, not as real edge."
SYNTHETIC_STARTER_00125,synthetic_starter,BTCUSD,5m,BUY,fvg_retest,new_york,bearish,low,23.71,573.12,2.78,88,1,1,1,0,three_white_soldiers,bullish,74,neutral,booming_bulls_notes,2026-01-02 16:44:00,2026-01-02 18:14:00,66548.42,66195.27,67039.3,67530.18,66742.65,win,0.55,"Synthetic ML row: fvg_retest | three_white_soldiers | new_york | low news | win. Use for testing pipeline, not as real edge."
SYNTHETIC_STARTER_00126,synthetic_starter,GBPUSD,30m,SELL,trend_follow,overlap,sideways,high,0.83,14.51,3.72,71,1,0,1,1,morning_star,bullish,81,neutral,booming_bulls_notes,2026-01-02 16:46:00,2026-01-02 17:31:00,1.24177,1.24346,1.23862,1.23547,1.23963,win,1.26,"Synthetic ML row: trend_follow | morning_star | overlap | high news | win. Use for testing pipeline, not as real edge."
SYNTHETIC_STARTER_00127,synthetic_starter,USDJPY,5m,BUY,liquidity_sweep,asia,bullish,high,1.12,13.43,2.07,52,0,1,0,0,pin_bar_bullish,bullish,83,neutral,none,2026-01-02 16:56:00,2026-01-02 18:56:00,153.046,152.87,153.229,153.412,152.836,loss,-1.19,"Synthetic ML row: liquidity_sweep | pin_bar_bullish | asia | high news | loss. Use for testing pipeline, not as real edge."
SYNTHETIC_STARTER_00128,synthetic_starter,XAUUSD,5m,SELL,trend_follow,london,sideways,low,3.8,8.24,3.72,86,0,0,0,1,pin_bar_bullish,bullish,51,usd_bullish,smc_ict,2026-01-02 17:25:00,2026-01-02 18:55:00,2380.0,2381.14,2377.88,2375.76,2380.05,breakeven,-0.05,"Synthetic ML row: trend_follow | pin_bar_bullish | london | low news | breakeven. Use for testing pipeline, not as real edge."
SYNTHETIC_STARTER_00129,synthetic_starter,GBPUSD,1h,SELL,order_block_retest,overlap,bullish,low,1.96,16.54,2.7,63,0,1,1,1,harami_bullish,bullish,38,usd_bearish,mt5_history,2026-01-02 17:23:00,2026-01-02 18:53:00,1.25116,1.25284,1.2489,1.24663,1.25277,loss,-0.96,"Synthetic ML row: order_block_retest | harami_bullish | overlap | low news | loss. Use for testing pipeline, not as real edge."
SYNTHETIC_STARTER_00130,synthetic_starter,EURUSD,1h,BUY,support_resistance,new_york,sideways,medium,1.56,9.46,3.08,88,1,1,1,1,inside_bar,neutral,78,neutral,booming_bulls_notes,2026-01-02 17:39:00,2026-01-02 18:24:00,1.10718,1.10594,1.10907,1.11097,1.11022,win,2.47,"Synthetic ML row: support_resistance | inside_bar | new_york | medium news | win. Use for testing pipeline, not as real edge."
SYNTHETIC_STARTER_00131,synthetic_starter,EURUSD,5m,SELL,reversal,london,sideways,medium,1.65,9.83,2.67,74,0,0,1,0,harami_bullish,bullish,36,usd_bullish,backtest,2026-01-02 17:51:00,2026-01-02 18:21:00,1.10892,1.10981,1.10774,1.10655,1.10937,loss,-0.5,"Synthetic ML row: reversal | harami_bullish | london | medium news | loss. Use for testing pipeline, not as real edge."
SYNTHETIC_STARTER_00132,synthetic_starter,GBPUSD,5m,SELL,fvg_retest,overlap,low_volatility,low,1.43,17.73,1.37,85,0,1,1,1,three_white_soldiers,bullish,43,usd_bullish,blue_journal,2026-01-02 18:18:00,2026-01-02 19:03:00,1.2742,1.27635,1.27273,1.27126,1.26765,win,3.05,"Synthetic ML row: fvg_retest | three_white_soldiers | overlap | low news | win. Use for testing pipeline, not as real edge."
SYNTHETIC_STARTER_00133,synthetic_starter,XAUUSD,1h,BUY,range_rejection,new_york,low_volatility,low,4.0,13.15,2.97,85,0,0,0,0,bullish_engulfing,bullish,93,neutral,none,2026-01-02 18:24:00,2026-01-02 19:09:00,2288.71,2287.51,2290.49,2292.27,2290.51,win,1.5,"Synthetic ML row: range_rejection | bullish_engulfing | new_york | low news | win. Use for testing pipeline, not as real edge."
SYNTHETIC_STARTER_00134,synthetic_starter,GBPUSD,30m,SELL,support_resistance,london,bullish,medium,1.79,9.23,3.15,82,1,1,0,0,piercing_line,bullish,46,neutral,smc_ict,2026-01-02 18:42:00,2026-01-02 20:12:00,1.29575,1.29676,1.29415,1.29256,1.29315,win,2.56,"Synthetic ML row: support_resistance | piercing_line | london | medium news | win. Use for testing pipeline, not as real edge."
SYNTHETIC_STARTER_00135,synthetic_starter,BTCUSD,5m,BUY,range_rejection,new_york,sideways,low,54.86,466.17,2.92,87,1,0,0,1,three_black_crows,bearish,40,neutral,mt5_history,2026-01-02 19:04:00,2026-01-02 19:34:00,64152.56,63580.19,64988.21,65823.87,64438.74,win,0.5,"Synthetic ML row: range_rejection | three_black_crows | new_york | low news | win. Use for testing pipeline, not as real edge."
SYNTHETIC_STARTER_00136,synthetic_starter,USDJPY,15m,BUY,fvg_retest,new_york,low_volatility,medium,1.56,13.69,1.55,45,0,0,1,1,harami_bearish,bearish,62,neutral,mt5_history,2026-01-02 19:04:00,2026-01-02 19:34:00,158.82,158.729,158.89,158.96,159.003,win,2.03,"Synthetic ML row: fvg_retest | harami_bearish | new_york | medium news | win. Use for testing pipeline, not as real edge."
SYNTHETIC_STARTER_00137,synthetic_starter,XAUUSD,15m,SELL,liquidity_sweep,london,bullish,high,2.78,11.13,3.52,47,1,1,0,1,shooting_star,bearish,30,usd_bullish,candlestick,2026-01-02 19:23:00,2026-01-02 19:53:00,2332.04,2333.01,2330.33,2328.61,2330.49,win,1.59,"Synthetic ML row: liquidity_sweep | shooting_star | london | high news | win. Use for testing pipeline, not as real edge."
SYNTHETIC_STARTER_00138,synthetic_starter,XAUUSD,1h,SELL,support_resistance,overlap,bearish,low,1.81,32.6,2.34,81,0,1,1,1,three_white_soldiers,bullish,39,neutral,candlestick,2026-01-02 19:30:00,2026-01-02 20:15:00,2347.61,2350.84,2343.84,2340.06,2338.02,win,2.97,"Synthetic ML row: support_resistance | three_white_soldiers | overlap | low news | win. Use for testing pipeline, not as real edge."
SYNTHETIC_STARTER_00139,synthetic_starter,USDJPY,5m,SELL,trend_follow,asia,bullish,medium,0.95,11.53,2.96,69,1,1,0,1,harami_bullish,bullish,91,usd_bullish,backtest,2026-01-02 19:50:00,2026-01-02 23:50:00,159.498,159.647,159.277,159.056,159.493,breakeven,0.03,"Synthetic ML row: trend_follow | harami_bullish | asia | medium news | breakeven. Use for testing pipeline, not as real edge."
SYNTHETIC_STARTER_00140,synthetic_starter,XAUUSD,30m,SELL,trend_follow,london,bullish,high,1.76,21.46,1.81,76,1,0,0,0,marubozu_bullish,bullish,76,neutral,mt5_history,2026-01-02 20:17:00,2026-01-02 20:32:00,2395.95,2398.6,2393.56,2391.16,2399.26,loss,-1.25,"Synthetic ML row: trend_follow | marubozu_bullish | london | high news | loss. Use for testing pipeline, not as real edge."
SYNTHETIC_STARTER_00141,synthetic_starter,BTCUSD,15m,SELL,liquidity_sweep,new_york,bearish,low,56.69,901.71,1.16,93,1,1,1,0,pin_bar_bullish,bullish,67,neutral,blue_journal,2026-01-02 20:26:00,2026-01-02 20:56:00,63228.53,63887.98,62846.06,62463.58,62430.61,win,1.21,"Synthetic ML row: liquidity_sweep | pin_bar_bullish | new_york | low news | win. Use for testing pipeline, not as real edge."
SYNTHETIC_STARTER_00142,synthetic_starter,EURUSD,5m,SELL,range_rejection,london,bullish,low,1.59,12.65,3.27,73,1,0,0,1,doji,neutral,49,usd_bearish,blue_journal,2026-01-02 20:30:00,2026-01-02 20:45:00,1.08847,1.08966,1.08651,1.08455,1.08716,win,1.09,"Synthetic ML row: range_rejection | doji | london | low news | win. Use for testing pipeline, not as real edge."
SYNTHETIC_STARTER_00143,synthetic_starter,BTCUSD,15m,SELL,breakout,new_york,high_volatility,low,28.88,567.76,1.9,63,1,0,1,1,dark_cloud_cover,bearish,89,usd_bearish,backtest,2026-01-02 21:07:00,2026-01-02 23:07:00,65826.31,66591.88,65099.02,64371.72,64325.79,win,1.96,"Synthetic ML row: breakout | dark_cloud_cover | new_york | low news | win. Use for testing pipeline, not as real edge."
SYNTHETIC_STARTER_00144,synthetic_starter,EURUSD,15m,BUY,reversal,new_york,bearish,low,1.23,12.58,3.82,90,1,1,1,1,harami_bearish,bearish,89,usd_bearish,candlestick,2026-01-02 21:27:00,2026-01-03 00:27:00,1.10507,1.10379,1.10752,1.10996,1.10758,win,1.96,"Synthetic ML row: reversal | harami_bearish | new_york | low news | win. Use for testing pipeline, not as real edge."
SYNTHETIC_STARTER_00145,synthetic_starter,XAUUSD,15m,SELL,reversal,asia,bullish,low,1.6,29.98,1.13,88,1,1,0,1,inside_bar,neutral,43,neutral,booming_bulls_notes,2026-01-02 21:40:00,2026-01-02 23:10:00,2377.2,2379.12,2376.12,2375.04,2373.27,win,2.06,"Synthetic ML row: reversal | inside_bar | asia | low news | win. Use for testing pipeline, not as real edge."
SYNTHETIC_STARTER_00146,synthetic_starter,USDJPY,1h,SELL,liquidity_sweep,overlap,bearish,high,1.76,20.58,3.05,86,1,1,1,1,bullish_engulfing,bullish,50,usd_bearish,booming_bulls_notes,2026-01-02 22:00:00,2026-01-02 23:00:00,154.271,154.424,154.038,153.805,154.389,loss,-0.77,"Synthetic ML row: liquidity_sweep | bullish_engulfing | overlap | high news | loss. Use for testing pipeline, not as real edge."
SYNTHETIC_STARTER_00147,synthetic_starter,XAUUSD,15m,BUY,order_block_retest,new_york,bullish,low,2.9,33.31,0.93,65,0,1,0,1,marubozu_bullish,bullish,41,neutral,booming_bulls_notes,2026-01-02 22:02:00,2026-01-03 00:02:00,2289.78,2285.89,2291.58,2293.39,2295.84,win,1.56,"Synthetic ML row: order_block_retest | marubozu_bullish | new_york | low news | win. Use for testing pipeline, not as real edge."
SYNTHETIC_STARTER_00148,synthetic_starter,BTCUSD,15m,BUY,range_rejection,new_york,bullish,medium,76.62,799.19,2.32,80,1,1,0,0,hammer,bullish,53,neutral,backtest,2026-01-02 22:20:00,2026-01-02 23:20:00,66789.7,65873.79,67852.15,68914.6,68117.76,win,1.45,"Synthetic ML row: range_rejection | hammer | new_york | medium news | win. Use for testing pipeline, not as real edge."
SYNTHETIC_STARTER_00149,synthetic_starter,GBPUSD,5m,SELL,fvg_retest,london,bearish,low,1.47,23.12,1.34,94,0,1,1,0,tweezer_top,bearish,87,neutral,blue_journal,2026-01-02 22:28:00,2026-01-02 22:58:00,1.25248,1.2554,1.25052,1.24856,1.24935,win,1.07,"Synthetic ML row: fvg_retest | tweezer_top | london | low news | win. Use for testing pipeline, not as real edge."
SYNTHETIC_STARTER_00150,synthetic_starter,USDJPY,15m,BUY,breakout,asia,bullish,medium,1.14,16.08,2.19,46,1,1,0,0,bearish_engulfing,bearish,57,usd_bearish,candlestick,2026-01-02 22:48:00,2026-01-02 23:03:00,158.083,157.977,158.199,158.314,158.033,loss,-0.47,"Synthetic ML row: breakout | bearish_engulfing | asia | medium news | loss. Use for testing pipeline, not as real edge."
